INSERT INTO t_iot (product_seq,product_uid, product_loc, product_latitude, product_longitude, product_date, user_id) VALUES (t_iot_SEQ.nextval,'product_uid 1', 'product_loc 1', 1, 1, sysdate, 'user_id 1');
INSERT INTO t_iot (product_seq,product_uid, product_loc, product_latitude, product_longitude, product_date, user_id) VALUES (t_iot_SEQ.nextval,'product_uid 2', 'product_loc 2', 2, 2, sysdate, 'user_id 2');
INSERT INTO t_iot (product_seq,product_uid, product_loc, product_latitude, product_longitude, product_date, user_id) VALUES (t_iot_SEQ.nextval,'product_uid 3', 'product_loc 3', 3, 3, sysdate, 'user_id 3');
INSERT INTO t_iot (product_seq,product_uid, product_loc, product_latitude, product_longitude, product_date, user_id) VALUES (t_iot_SEQ.nextval,'product_uid 4', 'product_loc 4', 4, 4, sysdate, 'user_id 4');


INSERT INTO t_report (report_seq ,reporter_name, reporter_phone, product_seq, report_content, report_date) VALUES (t_report_SEQ.nextval,'reporter_name 1', 'reporter_phone 1', 1, 'report_content 1', sysdate);
INSERT INTO t_report (report_seq ,reporter_name, reporter_phone, product_seq, report_content, report_date) VALUES (t_report_SEQ.nextval,'reporter_name 2', 'reporter_phone 2', 2, 'report_content 2', sysdate);
INSERT INTO t_report (report_seq ,reporter_name, reporter_phone, product_seq, report_content, report_date) VALUES (t_report_SEQ.nextval,'reporter_name 3', 'reporter_phone 3', 3, 'report_content 3', sysdate);
INSERT INTO t_report (report_seq ,reporter_name, reporter_phone, product_seq, report_content, report_date) VALUES (t_report_SEQ.nextval,'reporter_name 4', 'reporter_phone 4', 4, 'report_content 4', sysdate);


INSERT INTO t_user (user_id, user_pw, user_name, user_phone, user_email, user_addr, admin_yn, user_joindate) VALUES ('user_id 05', 'user_pw 05', 'user_name 05', 'user_phone 05', 'user_email 05', 'user_addr 05', 'N', sysdate);
INSERT INTO t_user (user_id, user_pw, user_name, user_phone, user_email, user_addr, admin_yn, user_joindate) VALUES ('user_id 06', 'user_pw 06', 'user_name 06', 'user_phone 06', 'user_email 06', 'user_addr 06', 'N', sysdate);
INSERT INTO t_user (user_id, user_pw, user_name, user_phone, user_email, user_addr, admin_yn, user_joindate) VALUES ('user_id 07', 'user_pw 07', 'user_name 07', 'user_phone 07', 'user_email 07', 'user_addr 07', 'N', sysdate);
INSERT INTO t_user (user_id, user_pw, user_name, user_phone, user_email, user_addr, admin_yn, user_joindate) VALUES ('user_id 08', 'user_pw 08', 'user_name 08', 'user_phone 08', 'user_email 08', 'user_addr 08', 'N', sysdate);
INSERT INTO t_user (user_id, user_pw, user_name, user_phone, user_email, user_addr, admin_yn, user_joindate) VALUES ('user_id 09', 'user_pw 09', 'user_name 09', 'user_phone 09', 'user_email 09', 'user_addr 09', 'N', sysdate);
INSERT INTO t_user (user_id, user_pw, user_name, user_phone, user_email, user_addr, admin_yn, user_joindate) VALUES ('user_id 10', 'user_pw 10', 'user_name 10', 'user_phone 10', 'user_email 10', 'user_addr 10', 'N', sysdate);
INSERT INTO t_user (user_id, user_pw, user_name, user_phone, user_email, user_addr, admin_yn, user_joindate) VALUES ('user_id 11', 'user_pw 11', 'user_name 11', 'user_phone 11', 'user_email 11', 'user_addr 11', 'N', sysdate);
INSERT INTO t_user (user_id, user_pw, user_name, user_phone, user_email, user_addr, admin_yn, user_joindate) VALUES ('user_id 12', 'user_pw 12', 'user_name 12', 'user_phone 12', 'user_email 12', 'user_addr 12', 'N', sysdate);
INSERT INTO t_user (user_id, user_pw, user_name, user_phone, user_email, user_addr, admin_yn, user_joindate) VALUES ('user_id 13', 'user_pw 13', 'user_name 13', 'user_phone 13', 'user_email 13', 'user_addr 13', 'N', sysdate);
INSERT INTO t_user (user_id, user_pw, user_name, user_phone, user_email, user_addr, admin_yn, user_joindate) VALUES ('user_id 14', 'user_pw 14', 'user_name 14', 'user_phone 14', 'user_email 14', 'user_addr 14', 'N', sysdate);
INSERT INTO t_user (user_id, user_pw, user_name, user_phone, user_email, user_addr, admin_yn, user_joindate) VALUES ('user_id 15', 'user_pw 15', 'user_name 15', 'user_phone 15', 'user_email 15', 'user_addr 15', 'N', sysdate);
INSERT INTO t_user (user_id, user_pw, user_name, user_phone, user_email, user_addr, admin_yn, user_joindate) VALUES ('user_id 16', 'user_pw 16', 'user_name 16', 'user_phone 16', 'user_email 16', 'user_addr 16', 'N', sysdate);
INSERT INTO t_user (user_id, user_pw, user_name, user_phone, user_email, user_addr, admin_yn, user_joindate) VALUES ('user_id 17', 'user_pw 17', 'user_name 17', 'user_phone 17', 'user_email 17', 'user_addr 17', 'N', sysdate);
INSERT INTO t_user (user_id, user_pw, user_name, user_phone, user_email, user_addr, admin_yn, user_joindate) VALUES ('user_id 18', 'user_pw 18', 'user_name 18', 'user_phone 18', 'user_email 18', 'user_addr 18', 'N', sysdate);
INSERT INTO t_user (user_id, user_pw, user_name, user_phone, user_email, user_addr, admin_yn, user_joindate) VALUES ('user_id 19', 'user_pw 19', 'user_name 19', 'user_phone 19', 'user_email 19', 'user_addr 19', 'N', sysdate);
INSERT INTO t_user (user_id, user_pw, user_name, user_phone, user_email, user_addr, admin_yn, user_joindate) VALUES ('user_id 20', 'user_pw 20', 'user_name 20', 'user_phone 20', 'user_email 20', 'user_addr 20', 'N', sysdate);


INSERT INTO t_request (request_seq,request_loc, request_name, request_phone, request_date, request_status, user_id) VALUES (t_request_SEQ.nextval,'request_loc 01', 'request_name 01', 'request_phone 01', sysdate, 'N', 'user_id 01');
INSERT INTO t_request (request_seq,request_loc, request_name, request_phone, request_date, request_status, user_id) VALUES (t_request_SEQ.nextval,'request_loc 02', 'request_name 02', 'request_phone 02', sysdate, 'N', 'user_id 02');
INSERT INTO t_request (request_seq,request_loc, request_name, request_phone, request_date, request_status, user_id) VALUES (t_request_SEQ.nextval,'request_loc 03', 'request_name 03', 'request_phone 03', sysdate, 'N', 'user_id 03');
INSERT INTO t_request (request_seq,request_loc, request_name, request_phone, request_date, request_status, user_id) VALUES (t_request_SEQ.nextval,'request_loc 04', 'request_name 04', 'request_phone 04', sysdate, 'N', 'user_id 04');
INSERT INTO t_request (request_seq,request_loc, request_name, request_phone, request_date, request_status, user_id) VALUES (t_request_SEQ.nextval,'request_loc 05', 'request_name 05', 'request_phone 05', sysdate, 'N', 'user_id 05');
INSERT INTO t_request (request_seq,request_loc, request_name, request_phone, request_date, request_status, user_id) VALUES (t_request_SEQ.nextval,'request_loc 06', 'request_name 06', 'request_phone 06', sysdate, 'N', 'user_id 06');
INSERT INTO t_request (request_seq,request_loc, request_name, request_phone, request_date, request_status, user_id) VALUES (t_request_SEQ.nextval,'request_loc 07', 'request_name 07', 'request_phone 07', sysdate, 'N', 'user_id 07');
INSERT INTO t_request (request_seq,request_loc, request_name, request_phone, request_date, request_status, user_id) VALUES (t_request_SEQ.nextval,'request_loc 08', 'request_name 08', 'request_phone 08', sysdate, 'N', 'user_id 08');
INSERT INTO t_request (request_seq,request_loc, request_name, request_phone, request_date, request_status, user_id) VALUES (t_request_SEQ.nextval,'request_loc 09', 'request_name 09', 'request_phone 09', sysdate, 'N', 'user_id 09');
INSERT INTO t_request (request_seq,request_loc, request_name, request_phone, request_date, request_status, user_id) VALUES (t_request_SEQ.nextval,'request_loc 10', 'request_name 10', 'request_phone 10', sysdate, 'N', 'user_id 10');
INSERT INTO t_request (request_seq,request_loc, request_name, request_phone, request_date, request_status, user_id) VALUES (t_request_SEQ.nextval,'request_loc 11', 'request_name 11', 'request_phone 11', sysdate, 'N', 'user_id 11');
INSERT INTO t_request (request_seq,request_loc, request_name, request_phone, request_date, request_status, user_id) VALUES (t_request_SEQ.nextval,'request_loc 12', 'request_name 12', 'request_phone 12', sysdate, 'N', 'user_id 12');
INSERT INTO t_request (request_seq,request_loc, request_name, request_phone, request_date, request_status, user_id) VALUES (t_request_SEQ.nextval,'request_loc 13', 'request_name 13', 'request_phone 13', sysdate, 'N', 'user_id 13');
INSERT INTO t_request (request_seq,request_loc, request_name, request_phone, request_date, request_status, user_id) VALUES (t_request_SEQ.nextval,'request_loc 14', 'request_name 14', 'request_phone 14', sysdate, 'N', 'user_id 14');
INSERT INTO t_request (request_seq,request_loc, request_name, request_phone, request_date, request_status, user_id) VALUES (t_request_SEQ.nextval,'request_loc 15', 'request_name 15', 'request_phone 15', sysdate, 'N', 'user_id 15');
INSERT INTO t_request (request_seq,request_loc, request_name, request_phone, request_date, request_status, user_id) VALUES (t_request_SEQ.nextval,'request_loc 16', 'request_name 16', 'request_phone 16', sysdate, 'N', 'user_id 16');
INSERT INTO t_request (request_seq,request_loc, request_name, request_phone, request_date, request_status, user_id) VALUES (t_request_SEQ.nextval,'request_loc 17', 'request_name 17', 'request_phone 17', sysdate, 'N', 'user_id 17');
INSERT INTO t_request (request_seq,request_loc, request_name, request_phone, request_date, request_status, user_id) VALUES (t_request_SEQ.nextval,'request_loc 18', 'request_name 18', 'request_phone 18', sysdate, 'N', 'user_id 18');
INSERT INTO t_request (request_seq,request_loc, request_name, request_phone, request_date, request_status, user_id) VALUES (t_request_SEQ.nextval,'request_loc 19', 'request_name 19', 'request_phone 19', sysdate, 'N', 'user_id 19');
INSERT INTO t_request (request_seq,request_loc, request_name, request_phone, request_date, request_status, user_id) VALUES (t_request_SEQ.nextval,'request_loc 20', 'request_name 20', 'request_phone 20', sysdate, 'N', 'user_id 20');


select * from T_REquest;
drop trigger t_report_AI_TRG;
select count(*) from t_request;

select * from t_request where request_seq = 6;